{
    "A Coru\u00f1a": [
        -8.395877,
        43.371209
    ],
    "\u00c1lava/Araba": [
        -2.38509618590892,
        42.8523309637462
    ],
    "Albacete": [
        -1.855915,
        38.995092
    ],
    "Alicante/Alacant": [
        -0.483093,
        38.345843
    ],
    "Almer\u00eda": [
        -2.462814,
        36.84142
    ],
    "Asturias": [
        -5.8450534,
        43.3604218
    ],
    "\u00c1vila": [
        -4.700217,
        40.656478
    ],
    "Badajoz": [
        -6.970205,
        38.878059
    ],
    "Barcelona": [
        2.177432,
        41.382894
    ],
    "Burgos": [
        -3.696977,
        42.343926
    ],
    "C\u00e1ceres": [
        -6.371676,
        39.474518
    ],
    "C\u00e1diz": [
        -6.292898,
        36.529744
    ],
    "Cantabria": [
        -3.8099719,
        43.4620412
    ],
    "Castell\u00f3n/Castell\u00f3": [
        -0.697077,
        40.0158375
    ],
    "Ceuta": [
        -5.304096,
        35.888861
    ],
    "Ciudad Real": [
        -3.928514,
        38.98542
    ],
    "C\u00f3rdoba": [
        -4.776014,
        37.884581
    ],
    "Cuenca": [
        -2.134824,
        40.068116
    ],
    "Girona": [
        2.8212859,
        41.9814066
    ],
    "Granada": [
        -3.599534,
        37.1735
    ],
    "Guadalajara": [
        -3.164607,
        40.632698
    ],
    "Guip\u00fazcoa/Gipuzkoa": [
        -1.795136,
        43.3385073
    ],
    "Huelva": [
        -6.948495,
        37.257587
    ],
    "Huesca": [
        -0.40809,
        42.138254
    ],
    "Islas Baleares/Illes Balears": [
        2.933069,
        39.7644353
    ],
    "Ja\u00e9n": [
        -3.788329,
        37.772886
    ],
    "La Rioja": [
        -2.4396676,
        42.4661196
    ],
    "Las Palmas": [
        -15.43487,
        28.1290788
    ],
    "Le\u00f3n": [
        -5.568241,
        42.599
    ],
    "Lleida": [
        0.626784,
        41.614761
    ],
    "Lugo": [
        -7.556575,
        43.011844
    ],
    "Madrid": [
        -3.703583,
        40.416705
    ],
    "M\u00e1laga": [
        -4.412525,
        36.720476
    ],
    "Melilla": [
        -2.946328,
        35.290687
    ],
    "Murcia": [
        -1.130543,
        37.99238
    ],
    "Navarra": [
        -1.6440304,
        42.8182536
    ],
    "Ourense": [
        -7.867424,
        42.343642
    ],
    "Palencia": [
        -4.532874,
        42.010886
    ],
    "Pontevedra": [
        -8.643159,
        42.431888
    ],
    "Salamanca": [
        -5.664018,
        40.965157
    ],
    "Santa Cruz de Tenerife": [
        -16.254088,
        28.469648
    ],
    "Segovia": [
        -4.124149,
        40.950216
    ],
    "Sevilla": [
        -5.99534,
        37.38863
    ],
    "Soria": [
        -2.464204,
        41.763384
    ],
    "Tarragona": [
        1.254606,
        41.117236
    ],
    "Teruel": [
        -1.108194,
        40.343672
    ],
    "Toledo": [
        -4.0245852,
        39.8567404
    ],
    "Valladolid": [
        -4.728562,
        41.652133
    ],
    "Vizcaya/Bizkaia": [
        -2.84586295714334,
        43.2339337000872
    ],
    "Zamora": [
        -5.744804,
        41.505657
    ],
    "Zaragoza": [
        -0.880943,
        41.652134
    ]
}